scraped_at,price,year,make,model,mileage,transmission,drivetrain,color,sunroof,retailer,vin,title_status,actual_price,pred_price,actual_log_price,pred_log_price
2026-04-07T09:00:42Z,3288.0,2002,Dodge,Neon,150000.0,automatic,unknown,unknown,no,Cheap Auto Rental,,unknown,3288.0,3486.51,8.098338846189057,8.1569
2026-04-07T12:00:44Z,17990.0,2018,Acura,MDX,72433.0,automatic,FWD,White,no,CT Auto - BAD CREDIT- NO CREDIT- NO PROBLEM!,,unknown,17990.0,17950.09,9.79762691183662,9.7954
2026-04-07T13:00:37Z,6900.0,2015,subaru,forester,150818.0,automatic,AWD,silver,yes,"Preece's Auto, Inc.",,unknown,6900.0,5780.41,8.839421607620602,8.6624
2026-04-07T18:00:34Z,6900.0,2018,Subaru,Crosstrek,188779.0,automatic,AWD,black,unknown,"Preece's Auto, Inc.",JF2GTABC5JH213081,clean,6900.0,8457.13,8.839421607620602,9.0429
2026-04-07T19:00:36Z,9900.0,2013,mercedes benz,e350 4matic wagon,148609.0,automatic,AWD,black,yes,"Preece's Auto, Inc.",,unknown,9900.0,8079.43,9.200391041122515,8.9972
2026-04-07T04:00:40Z,21900.0,2020,chevrolet,suburban,113946.0,automatic,4WD,white,no,"Preece's Auto, Inc.",,unknown,21900.0,14355.42,9.994287576862567,9.572
2026-04-07T17:00:38Z,8500.0,2012,toyota,camry,160899.0,automatic,FWD,red,no,"Preece's Auto, Inc.",4T4BF1FK0CR216726,clean,8500.0,7010.48,9.04793908261736,8.8553
2026-04-07T17:00:38Z,6900.0,2012,Honda,Accord LX,150492.0,automatic,FWD,black,no,for sale by dealer,1HGCP2F39CA184912,clean,6900.0,5553.14,8.839421607620602,8.6223
2026-04-08T00:01:25Z,10900.0,2011,Ford,Mustang V6 Coupe premium,105405.0,manual,RWD,white,no,"Preece's Auto, Inc.",1ZVBP8AM9B5141110,clean,10900.0,14357.38,9.296609807128359,9.5721
2026-04-08T00:01:25Z,14900.0,2005,Ford,F-350 Super Duty,312000.0,automatic,4WD,white,unknown,for sale by owner,1FTWW31P65EB17243,clean,14900.0,4958.2,9.60918360377546,8.509
2026-04-08T02:00:07Z,29920.0,2018,Ford,F-150 Roush Raptor,71621.0,automatic,unknown,unknown,no,for sale by dealer,,clean,29920.0,19508.6,10.306315853989789,9.8787
2026-04-07T09:00:42Z,25000.0,2010,honda,accord,80000.0,automatic,unknown,silver,no,for sale by owner,,unknown,25000.0,4896.39,10.12667110305036,8.4965
2026-04-07T21:00:36Z,3200.0,2006,saab,9-3 convertible,145000.0,automatic,unknown,grey,no,for sale by owner,,clean,3200.0,3775.73,8.071218539969863,8.2366
2026-04-08T02:00:07Z,2999.0,2011,Chevy,Malibu,165000.0,automatic,FWD,silver,no,for sale by owner,,clean,2999.0,3700.75,8.006367567650246,8.2166
2026-04-07T23:00:39Z,7500.0,2015,Honda,Accord,149000.0,automatic,FWD,black,no,for sale by owner,,clean,7500.0,6196.44,8.922791623969637,8.7319
2026-04-08T00:01:25Z,3288.0,2002,Dodge,Neon,150000.0,automatic,unknown,unknown,unknown,Cheap Auto Rental,,clean,3288.0,3098.9,8.098338846189057,8.0391
2026-04-07T19:00:36Z,5999.0,2009,Honda,accord,120000.0,automatic,FWD,grey,no,for sale by owner,,unknown,5999.0,3857.88,8.699514748210191,8.2581
2026-04-08T00:01:25Z,5500.0,2015,Jeep,Compass,129000.0,automatic,4WD,blue,no,for sale by owner,,clean,5500.0,7185.4,8.612685172875459,8.8799
2026-04-07T20:00:35Z,48920.0,2018,Lexus,LC 500,19539.0,automatic,unknown,unknown,no,for sale by dealer,,unknown,48920.0,35109.05,10.797962031129387,10.4662
2026-04-07T13:00:37Z,1550.0,2012,chrysler,town & country,166000.0,automatic,FWD,custom,no,for sale by owner,,unknown,1550.0,3362.32,7.346655163176539,8.1207
2026-04-07T23:00:39Z,2500.0,2009,Audi,A5,215000.0,manual,4WD,silver,yes,for sale by owner,,clean,2500.0,3478.37,7.824445930877619,8.1546
2026-04-07T20:00:35Z,14500.0,2017,Ram,ProMaster 2500 High Roof 159in WB,173128.0,automatic,FWD,white,no,for sale by owner,3C6TRVDG1HE533010,clean,14500.0,11372.6,9.581972891547895,9.3391
2026-04-07T21:00:36Z,7500.0,2004,Chrysler,Crossfire,93000.0,automatic,RWD,grey,no,for sale by owner,,clean,7500.0,7206.83,8.922791623969637,8.8829
2026-04-07T10:00:37Z,3550.0,1983,Chevrolet,C/K Pickup Conventional Cab 1/2 ton,25257.0,automatic,4WD,black,no,for sale by owner,1GCEK14LXDJ154001,clean,3550.0,21357.06,8.174984532943087,9.9692
2026-04-08T00:01:25Z,2800.0,2005,buick,park avenue ultra,104000.0,automatic,unknown,unknown,unknown,for sale by owner,,clean,2800.0,4707.32,7.937731775260109,8.4571
2026-04-07T21:00:36Z,25000.0,1976,chevrolet,camaro,139000.0,automatic,RWD,blue,no,for sale by owner,,clean,25000.0,5597.1,10.12667110305036,8.6302
2026-04-08T02:00:07Z,6999.0,2014,BMW,750LI xdrive,113000.0,automatic,4WD,black,unknown,for sale by owner,,rebuilt,6999.0,7666.44,8.85366542803745,8.9447
2026-04-07T18:00:34Z,7999.0,2008,Chevrolet,Silverado 1500,167190.0,automatic,RWD,blue,unknown,BEL-AIR AUTO SALES,1GCEC14X78Z170034,clean,7999.0,5799.71,8.987196820661973,8.6657
2026-04-08T01:00:41Z,7500.0,2007,Chevy,Box Truck,66000.0,automatic,unknown,white,no,for sale by owner,,clean,7500.0,8904.81,8.922791623969637,9.0945
2026-04-08T01:00:41Z,19900.0,2023,Subaru,Forester,113437.0,automatic,AWD,black,unknown,"Preece's Auto, Inc.",JF2SKAJC4PH412825,clean,19900.0,16820.71,9.898525260706313,9.7304
2026-04-07T20:00:35Z,88993.0,2024,RAM,PROMASTER 2500 159 WB,25.0,automatic,FWD,white,no,NEW ENGLAND MOTOR CAR COMPANY!,3C6LRVDG3RE107451,clean,88993.0,78021.09,11.396324230711397,11.2647
2026-04-08T01:00:41Z,3288.0,2002,Dodge,Neon,150000.0,automatic,unknown,unknown,unknown,Cheap Auto Rental,,clean,3288.0,3098.9,8.098338846189057,8.0391
2026-04-07T15:00:35Z,3995.0,2012,chevrolet,malibu,132567.0,automatic,FWD,silver,no,for sale by dealer,,unknown,3995.0,6135.78,8.293049139768444,8.7221
2026-04-07T23:00:39Z,3900.0,2000,Ford,Mustang Convertible,197000.0,manual,RWD,black,no,for sale by owner,1FAFP4449YF220858,clean,3900.0,4440.4,8.268988209506656,8.3987
2026-04-08T00:01:25Z,7999.0,2013,Honda,Civic,112885.0,automatic,FWD,blue,no,,,clean,7999.0,4925.84,8.987196820661973,8.5025
2026-04-07T22:00:41Z,6000.0,1986,Chevy,El Camino,1234567.0,automatic,unknown,multiple colors,unknown,for sale by owner,,clean,6000.0,3455.58,8.699681400989514,8.148
2026-04-08T01:00:41Z,7400.0,2015,Subaru,Outback 3.6r Limited,179079.0,automatic,AWD,black,no,"Preece's Auto, Inc.",4S4BSELC3F3317456,clean,7400.0,7583.75,8.909370405197466,8.9339
2026-04-07T20:00:35Z,4500.0,2010,Nissan,Altima,163117.0,automatic,FWD,black,yes,for sale by owner,,clean,4500.0,5045.84,8.412054873292933,8.5265
2026-04-07T16:00:39Z,12800.0,2018,Chevrolet,Equinox,135100.0,automatic,AWD,Black Mosaic Black Metallic,yes,Harbor View Auto Sales LLC,,unknown,12800.0,14669.02,9.45727857185611,9.5936
2026-04-07T23:00:39Z,3900.0,2013,Subaru,Impreza,150000.0,automatic,4WD,unknown,unknown,for sale by owner,,clean,3900.0,4533.21,8.268988209506656,8.4194
2026-04-07T12:00:44Z,14800.0,2016,BMW,5 Series,100300.0,automatic,AWD,black,yes,Harbor View Auto Sales LLC,WBA5B3C58GD549910,clean,14800.0,13215.9,9.60245002503719,9.4893
2026-04-07T23:00:39Z,7995.0,2008,Acura,RDX SH-AWD w/Tech,131799.0,automatic,4WD,red,yes,WEST HAVEN AUTO SALES LLC,,clean,7995.0,6278.41,8.98669669562029,8.745
2026-04-07T16:00:39Z,6488.0,2014,nissan,altima 2.5 sv,117455.0,automatic,FWD,white,yes,WEST HAVEN AUTO SALES LLC,,unknown,6488.0,6948.06,8.77786371462117,8.8464
2026-04-07T19:00:36Z,3300.0,2010,HYANDIA,ELECTRA,133500.0,automatic,FWD,grey,no,for sale by owner,,unknown,3300.0,3743.12,8.101980731853192,8.2279
2026-04-08T00:01:25Z,12800.0,2014,Mazda,CX-5,99800.0,automatic,AWD,Gray Meteor Gray Mica,no,Harbor View Auto Sales LLC,JM3KE4BE6E0420113,clean,12800.0,14205.8,9.45727857185611,9.5615
2026-04-08T00:01:25Z,6800.0,2015,Volkswagen,Jetta Sedan,141800.0,automatic,FWD,Red Tornado Red,no,Harbor View Auto Sales LLC,3VW2K7AJ2FM209794,clean,6800.0,6426.08,8.824824939175638,8.7683
2026-04-07T16:00:39Z,6500.0,1978,Volvo,262C Bertone,100000.0,manual,unknown,Porsche Polar Silver,no,for sale by owner,,unknown,6500.0,9130.1,8.77971129020447,9.1194
2026-04-07T22:00:41Z,3400.0,2011,Honda,Civic,56000.0,automatic,FWD,white,no,for sale by owner,,clean,3400.0,3236.23,8.131824785007195,8.0825
2026-04-08T01:00:41Z,3800.0,2012,MAZDA,5,172000.0,automatic,FWD,grey,yes,for sale by owner,,clean,3800.0,3152.85,8.24301946898925,8.0564
2026-04-08T01:00:41Z,9998.0,2015,Subaru,XV Crosstrek,154359.0,automatic,AWD,Gray,no,East Granby Motors Subaru Specialists,JF2GPADC7F8266728,clean,9998.0,11425.86,9.21024036697585,9.3437
2026-04-08T02:00:07Z,9800.0,2014,Audi,Q5,129400.0,automatic,AWD,Gray Monsoon Gray Metallic,yes,Harbor View Auto Sales LLC,WA1LFAFP4EA050675,clean,9800.0,10898.54,9.19023970026918,9.2965
2026-04-08T00:01:25Z,3300.0,2010,Hyundai,Elantra,133500.0,automatic,FWD,grey,no,for sale by owner,,clean,3300.0,4981.28,8.101980731853192,8.5136
2026-04-07T15:00:35Z,3288.0,2002,Dodge,Neon,150000.0,automatic,unknown,unknown,unknown,Cheap Auto Rental,,clean,3288.0,3098.9,8.098338846189057,8.0391
2026-04-08T00:01:25Z,9800.0,2013,Lexus,RX 350,168000.0,automatic,FWD,unknown,no,for sale by dealer,,clean,9800.0,3922.08,9.19023970026918,8.2746
2026-04-07T18:00:34Z,5000.0,2012,nissan,altima 2.5 sl,140000.0,automatic,FWD,black,no,for sale by dealer,,clean,5000.0,4485.33,8.517393171418904,8.4088
2026-04-07T18:00:34Z,9000.0,2015,Honda,Civic,74500.0,automatic,unknown,black,no,for sale by owner,,rebuilt,9000.0,5985.07,9.105090961257085,8.6972
2026-04-07T23:00:39Z,9885.0,2016,Nissan,Pathfinder,114000.0,automatic,4WD,blue,no,for sale by owner,5N1AR2MM7GC611649,clean,9885.0,10638.35,9.198874893866904,9.2723
2026-04-08T02:00:07Z,3288.0,2002,Dodge,Neon,150000.0,automatic,unknown,unknown,unknown,Cheap Auto Rental,,clean,3288.0,3098.9,8.098338846189057,8.0391
2026-04-07T23:00:39Z,13800.0,2015,Cadillac,ATS Sedan,80600.0,automatic,AWD,Tan Silver Coast Metallic,yes,Harbor View Auto Sales LLC,1G6AH5RX8F0115385,clean,13800.0,14893.57,9.53249633228804,9.6088
2026-04-07T21:00:36Z,14950.0,2013,Lexus,ES350,79000.0,automatic,unknown,grey,yes,for sale by owner,,clean,14950.0,8005.81,9.612533466213927,8.988
2026-04-08T02:00:07Z,12450.0,2018,Toyota,Highlander,133333.0,automatic,4WD,brown,unknown,for sale by owner,,clean,12450.0,10378.11,9.429556219952412,9.2476
2026-04-07T16:00:39Z,9500.0,2013,Nissan,Altima,103000.0,automatic,unknown,white,no,for sale by owner,,unknown,9500.0,7299.3,9.15915233520675,8.8957
2026-04-07T20:00:35Z,9000.0,2009,Toyota,Camry LE,72000.0,automatic,FWD,grey,yes,for sale by owner,,clean,9000.0,6750.56,9.105090961257085,8.8175
2026-04-08T00:01:25Z,3300.0,2011,Chevy,express 2500,200000.0,manual,RWD,unknown,unknown,for sale by owner,,clean,3300.0,4180.01,8.101980731853192,8.3383
2026-04-08T01:00:41Z,8995.0,2004,Mercedes-Benz,S500 4Matic,80982.0,automatic,4WD,black,yes,WEST HAVEN AUTO SALES LLC,,clean,8995.0,10146.82,9.104535313079205,9.225
2026-04-07T23:00:39Z,4300.0,2001,Acura,3.5RL,121327.0,automatic,FWD,white,no,for sale by owner,,clean,4300.0,3098.87,8.366602832783736,8.0391
2026-04-07T11:00:35Z,10950.0,2015,Mercedes-Benz,GL 450,124948.0,automatic,4WD,black,yes,for sale by dealer,,clean,10950.0,10426.67,9.301186055275759,9.2522
2026-04-07T23:00:39Z,3995.0,2012,Kia,Rio,95000.0,automatic,FWD,red,no,for sale by owner,,clean,3995.0,6242.9,8.293049139768444,8.7394
2026-04-07T12:00:44Z,3000.0,2009,CHEVROLET,COBALT,140000.0,automatic,unknown,unknown,unknown,Cheap Auto Rental,,clean,3000.0,2611.49,8.006700845440367,7.8681
2026-04-08T00:01:25Z,28900.0,2015,Chrysler,Town & Country,51345.0,automatic,FWD,White,no,Paulding Auto Sales,2C4RC1BG6FR600888,clean,28900.0,14632.11,10.27163147557801,9.591
2026-04-08T02:00:07Z,1000.0,2012,Nissan,Altima,267000.0,automatic,unknown,unknown,unknown,for sale by owner,,clean,1000.0,2182.27,6.90875477931522,7.6886
2026-04-08T00:01:25Z,5485.0,2013,Volvo,S60 T5 Sport Sedan,101000.0,automatic,FWD,white,no,for sale by owner,YV1612FS1D1218213,clean,5485.0,11679.2,8.60995467149755,9.3657
2026-04-07T15:00:35Z,13998.0,2018,Subaru,Outback,136170.0,automatic,AWD,blue,unknown,East Granby Motors Subaru Specialists,4S4BSANC8J3215715,clean,13998.0,11736.4,9.546741177474825,9.3705
2026-04-08T02:00:07Z,4900.0,2013,chrysler,town and country limited,163000.0,automatic,FWD,Silver,yes,for sale by owner,,clean,4900.0,4187.23,8.497194544909547,8.34
2026-04-07T20:00:35Z,8000.0,2014,Jeep,Wrangler Sport,163000.0,manual,4WD,silver,no,for sale by owner,,clean,8000.0,7094.08,8.987321812850125,8.8672
2026-04-08T02:00:07Z,3500.0,2004,chevy,silverado 1500,188000.0,automatic,4WD,unknown,unknown,for sale by owner,,clean,3500.0,4005.51,8.160803920954665,8.2957
2026-04-08T01:00:41Z,4200.0,2014,VW,JETTA SE,173000.0,automatic,FWD,grey,no,for sale by owner,,clean,4200.0,3608.28,8.343077871169383,8.1913
2026-04-07T17:00:38Z,3500.0,2000,Ford,Ranger,104000.0,automatic,4WD,black,no,for sale by owner,,clean,3500.0,7772.26,8.160803920954665,8.9584
2026-04-08T00:01:25Z,9998.0,2015,Subaru,Outback,174302.0,automatic,AWD,blue,no,East Granby Motors Subaru Specialists,4S4BSAJC3F3211133,clean,9998.0,8404.96,9.21024036697585,9.0367
2026-04-07T18:00:34Z,5500.0,1997,ford,f-250,131000.0,automatic,4WD,blue,no,for sale by owner,,clean,5500.0,5841.88,8.612685172875459,8.673
2026-04-07T16:00:39Z,3750.0,2011,subaru,outback 2.5i premium,190000.0,automatic,4WD,grey,yes,for sale by owner,,unknown,3750.0,4557.34,8.229777750081887,8.4247
2026-04-07T17:00:38Z,7800.0,2015,Ford,Escape,119500.0,automatic,FWD,black,no,Harbor View Auto Sales LLC,1FMCU0F71FUA03959,clean,7800.0,10413.36,8.962007209588313,9.2509
2026-04-07T11:00:35Z,10800.0,2018,Ford,Edge,137100.0,automatic,AWD,Gray Magnetic Metallic,no,Harbor View Auto Sales LLC,2FMPK4K9XJBB75492,clean,10800.0,11503.96,9.287394001418473,9.3505
2026-04-07T11:00:35Z,6800.0,2009,Jeep,Grand Cherokee Laredo,117810.0,automatic,4WD,black,yes,WEST HAVEN AUTO SALES LLC,,clean,6800.0,7531.3,8.824824939175638,8.927
2026-04-07T21:00:36Z,5000.0,2016,dodge,grand caravan sxt,180000.0,automatic,FWD,black,no,for sale by owner,,clean,5000.0,4057.31,8.517393171418904,8.3085
2026-04-08T00:01:25Z,7999.0,2012,Fiat,500,37851.0,manual,FWD,blue,no,for sale by dealer,,clean,7999.0,5778.13,8.987196820661973,8.662
2026-04-08T02:00:07Z,1600.0,2016,Audi,A3,161000.0,automatic,unknown,white,no,for sale by owner,,clean,1600.0,6862.46,7.3783837129967145,8.834
2026-04-07T21:00:36Z,3288.0,2002,Dodge,Neon,150000.0,automatic,unknown,unknown,unknown,Cheap Auto Rental,,clean,3288.0,3098.9,8.098338846189057,8.0391
2026-04-08T02:00:07Z,6800.0,2013,Hyundai,Elantra,114100.0,automatic,FWD,Gray Harbor Gray Metallic,no,Harbor View Auto Sales LLC,5NPDH4AE5DH402942,clean,6800.0,8630.52,8.824824939175638,9.0632
2026-04-08T01:00:41Z,1550.0,1998,subaru,outback,260000.0,manual,4WD,black,no,for sale by owner,,clean,1550.0,4730.69,7.346655163176539,8.462
2026-04-07T15:00:35Z,6750.0,2006,chevy,impala SS,111000.0,automatic,FWD,black,no,for sale by owner,,clean,6750.0,4609.73,8.81744592104187,8.4361
2026-04-08T01:00:41Z,20000.0,2023,volkswagen,tiguan,22500.0,automatic,unknown,grey,no,for sale by owner,3VV3B7AX5PM120977,clean,20000.0,24366.58,9.90353755128617,10.101
2026-04-07T16:00:39Z,5800.0,2005,Chevrolet,Avalanche 1500 LTZ 4x4,215000.0,automatic,4WD,unknown,yes,for sale by owner,,unknown,5800.0,2977.59,8.665785595466064,7.9992
2026-04-07T23:00:39Z,12900.0,2015,toyota,sienna,159707.0,automatic,FWD,red,no,"Preece's Auto, Inc.",5TDKK3DC7FS558233,clean,12900.0,8195.31,9.465060106725137,9.0114
2026-04-07T21:00:36Z,7485.0,2011,BMW,328i Xdrive Sedan,96000.0,automatic,AWD,Blue Water Metallic,yes,for sale by owner,WBAPK5G50BNN80232,clean,7485.0,6908.77,8.920789888464375,8.8407
2026-04-08T00:01:25Z,21000.0,2017,Subaru,outback 3.6,80000.0,automatic,4WD,white,yes,for sale by owner,,clean,21000.0,13182.12,9.952325334619427,9.4867
2026-04-07T12:00:44Z,6485.0,2014,Cadillac,ATS-4,130000.0,automatic,AWD,red,no,for sale by owner,1G6AG5RX3E0133133,clean,6485.0,8181.01,8.777401286867264,9.0097
2026-04-08T00:01:25Z,5000.0,1967,Ford,Mustang,,manual,RWD,red,no,for sale by owner,,clean,5000.0,30656.3,8.517393171418904,10.3306
2026-04-07T21:00:36Z,21900.0,2021,lexus,NX 300 F Sport AWD SUV,125753.0,automatic,AWD,black,yes,"Preece's Auto, Inc.",JTJSARDZXM2236505,clean,21900.0,14333.56,9.994287576862567,9.5704
2026-04-08T02:00:07Z,139500.0,2025,Ford,Mini T HR Campervan,87.0,automatic,4WD,unknown,no,DLM-Distribution,1FBVU5XG6SKA24941,clean,139500.0,78656.29,11.845827048676645,11.2729
2026-04-08T02:00:07Z,4700.0,2015,subaru,impreza,183000.0,automatic,AWD,silver,no,for sale by owner,,clean,4700.0,5044.81,8.45553053102413,8.5263
2026-04-07T08:00:41Z,20900.0,2019,Lexus,RX 350L,149541.0,automatic,AWD,white,yes,"Preece's Auto, Inc.",JTJDZKCA7K2019740,clean,20900.0,14162.88,9.94755228369823,9.5585
2026-04-08T01:00:41Z,17000.0,2019,Audi,A6 premium plus,42250.0,automatic,unknown,black,no,for sale by owner,,clean,17000.0,17396.19,9.741027444837728,9.7641
2026-04-07T05:00:35Z,8500.0,2008,Chevy,Suburban LT1500,242000.0,automatic,4WD,black,no,for sale by owner,,clean,8500.0,5354.67,9.04793908261736,8.5859
2026-04-07T18:00:34Z,3288.0,2002,Dodge,Neon,150000.0,automatic,unknown,unknown,no,Cheap Auto Rental,,clean,3288.0,3240.01,8.098338846189057,8.0836
2026-04-08T02:00:07Z,6885.0,2012,Jeep,Liberty,114000.0,automatic,4WD,Black Forest Green,yes,for sale by owner,1C4PJMAK1CW191089,clean,6885.0,7484.54,8.83724564389847,8.9207
2026-04-07T23:00:39Z,3500.0,2008,Mini,Cooper S,134000.0,automatic,FWD,unknown,no,for sale by owner,,clean,3500.0,4575.06,8.160803920954665,8.4286
2026-04-07T19:00:36Z,4950.0,2013,Chevy,Equinox,138000.0,automatic,FWD,white,unknown,for sale by owner,,clean,4950.0,7534.74,8.507344855361422,8.9274
2026-04-08T02:00:07Z,1200.0,1990,Volvo,240,252300.0,automatic,RWD,blue,no,for sale by owner,,clean,1200.0,4067.44,7.0909098220799835,8.311
2026-04-08T02:00:07Z,4000.0,2001,toyota,land cruiser,273000.0,automatic,4WD,unknown,yes,for sale by owner,,clean,4000.0,2718.71,8.294299608857235,7.9083
2026-04-07T17:00:38Z,29955.0,2018,Ford,F-150,71621.0,automatic,unknown,unknown,unknown,for sale by dealer,,clean,29955.0,22591.19,10.307484917369258,10.0254
2026-04-07T23:00:39Z,5495.0,2013,Chevy,Cruze,85000.0,automatic,unknown,tan,no,for sale by owner,,clean,5495.0,4908.52,8.611775833902186,8.4989
2026-04-08T02:00:07Z,6000.0,1958,ford,pickup,100000.0,manual,FWD,red,no,for sale by owner,F10L8L10761,clean,6000.0,9438.35,8.699681400989514,9.1526
2026-04-07T23:00:39Z,3500.0,2012,honda,civic,136000.0,automatic,FWD,brown,unknown,for sale by owner,,clean,3500.0,5303.54,8.160803920954665,8.5763
2026-04-07T23:00:39Z,3288.0,2002,Dodge,Neon,150000.0,automatic,unknown,unknown,unknown,Cheap Auto Rental,,clean,3288.0,3098.9,8.098338846189057,8.0391
2026-04-07T22:00:41Z,48955.0,2018,Lexus,LC 500,19539.0,automatic,unknown,unknown,unknown,for sale by dealer,,clean,48955.0,31373.27,10.798677214502229,10.3537
2026-04-08T02:00:07Z,13800.0,2012,TOYOTA,CAMRY SE,93250.0,automatic,FWD,red,no,for sale by owner,,clean,13800.0,4897.86,9.53249633228804,8.4968
2026-04-07T21:00:36Z,4200.0,2018,Kia,soul +,170000.0,automatic,FWD,silver,no,for sale by owner,,clean,4200.0,4793.16,8.343077871169383,8.4752
2026-04-07T19:00:36Z,8500.0,2019,ram,promaster city,201000.0,automatic,FWD,white,unknown,for sale by owner,,clean,8500.0,5873.75,9.04793908261736,8.6784
2026-04-07T23:00:39Z,6885.0,2013,Infiniti,JX35,139000.0,automatic,AWD,silver,yes,for sale by owner,5N1AL0MM5DC330581,clean,6885.0,6512.91,8.83724564389847,8.7817
2026-04-07T09:00:42Z,2995.0,2007,Chevrolet,Impala,136320.0,automatic,FWD,brown,no,for sale by owner,,unknown,2995.0,3633.48,8.005033344637111,8.1982
2026-04-08T00:01:25Z,8998.0,2012,Subaru,Outback,130671.0,automatic,AWD,red,no,East Granby Motors Subaru Specialists,4S4BRBAC0C3249870,clean,8998.0,9987.18,9.104868739033948,9.2092
2026-04-07T18:00:34Z,6000.0,2011,subaru,outback,150000.0,automatic,4WD,red,no,,,clean,6000.0,6776.33,8.699681400989514,8.8213
2026-04-07T07:00:40Z,25993.0,2005,CHEVROLET,EXPRESS 1500,66167.0,automatic,AWD,BEIGE,no,NEW ENGLAND MOTOR CAR COMPANY!,,unknown,25993.0,13117.88,10.165621021141535,9.4818
2026-04-07T17:00:38Z,7500.0,1987,Ford,F 150,9000.0,manual,4WD,red,no,for sale by owner,,clean,7500.0,22318.91,8.922791623969637,10.0132
2026-04-08T02:00:07Z,10299.0,2002,Ford,Ranger Xlt,131000.0,automatic,4WD,grey,no,for sale by owner,,clean,10299.0,8644.48,9.239899174217728,9.0648
2026-04-07T21:00:36Z,3288.0,2002,Dodge,Neon,150000.0,automatic,unknown,unknown,unknown,Cheap Auto Rental,,clean,3288.0,3098.9,8.098338846189057,8.0391
2026-04-08T02:00:07Z,2000.0,2006,nissan,quest sl,135000.0,automatic,FWD,black,no,for sale by owner,,clean,2000.0,2613.95,7.601402334583733,7.869
2026-04-08T01:00:41Z,2500.0,2002,Mercedes-Benz,S430,200000.0,automatic,FWD,silver,yes,for sale by owner,,clean,2500.0,2208.74,7.824445930877619,7.7006
2026-04-07T22:00:41Z,3700.0,2013,Hyundai,Sonata,220000.0,automatic,FWD,blue,yes,for sale by owner,,clean,3700.0,3782.52,8.216358332386156,8.2384
2026-04-08T00:01:25Z,4800.0,2010,Chevrolet,Express 2500 Cargo,280000.0,automatic,unknown,grey,no,for sale by owner,1GCZGFBA3A1179965,clean,4800.0,4320.51,8.476579508530941,8.3714
2026-04-08T02:00:07Z,9998.0,2016,Subaru,Crosstrek,147973.0,manual,AWD,white,no,East Granby Motors Subaru Specialists,JF2GPABC6GG317775,clean,9998.0,11459.46,9.21024036697585,9.3467
2026-04-07T15:00:35Z,20950.0,2018,Land Rover,Range Rover Sport,93146.0,automatic,AWD,white,no,CT Auto - BAD CREDIT- NO CREDIT- NO PROBLEM!,SALWR2RV8JA698341,clean,20950.0,19694.36,9.949941656908011,9.8881
2026-04-08T02:00:07Z,175000.0,1956,Chevrolet,Bel Air,1250.0,manual,unknown,black,unknown,CT Auto - BAD CREDIT- NO CREDIT- NO PROBLEM!,VC56B003995,clean,175000.0,110930.24,12.07254696717504,11.6167
2026-04-08T00:01:25Z,15900.0,1997,chevy,camaro z28,130000.0,automatic,RWD,black,yes,for sale by owner,,clean,15900.0,5593.35,9.674137279312397,8.6295
2026-04-07T22:00:41Z,15900.0,2015,Chevrolet,Silverado 1500,126474.0,automatic,4WD,Slate Grey Metallic,no,CT Auto - BAD CREDIT- NO CREDIT- NO PROBLEM!,3GCUKRECXFG323883,clean,15900.0,14289.84,9.674137279312397,9.5674
2026-04-07T23:00:39Z,6999.0,2014,Honda,Civic EX,150000.0,automatic,unknown,unknown,yes,for sale by owner,,clean,6999.0,3020.69,8.85366542803745,8.0136
2026-04-08T02:00:07Z,12000.0,2016,Mercedes-Benz,Sprinter 3500,200489.0,automatic,RWD,white,no,for sale by owner,WD3PF4CC2GP298461,clean,12000.0,6200.23,9.392745258631441,8.7325
2026-04-07T21:00:36Z,8995.0,2008,Chevy,Express 3500,170484.0,automatic,RWD,white,no,for sale by owner,,clean,8995.0,7065.84,9.104535313079205,8.8632
2026-04-07T14:00:35Z,6485.0,2009,Toyota,Prius Hybrid Hatchback,127000.0,automatic,FWD,grey,no,for sale by owner,JTDKB20U393493511,clean,6485.0,6291.7,8.777401286867264,8.7471
2026-04-07T22:00:41Z,7500.0,2011,Toyota,Tundra,190000.0,automatic,4WD,unknown,no,for sale by owner,,clean,7500.0,6180.82,8.922791623969637,8.7294
2026-04-07T23:00:39Z,7500.0,1987,Ford,F150,79000.0,manual,4WD,red,no,for sale by owner,,clean,7500.0,12250.71,8.922791623969637,9.4134
2026-04-07T11:00:35Z,20999.0,2018,BMW,X5,100000.0,automatic,AWD,unknown,yes,for sale by owner,,clean,20999.0,12559.88,9.95227771670556,9.4383
2026-04-07T17:00:38Z,3900.0,2007,Saturn,Vue,165000.0,automatic,FWD,red,no,for sale by owner,,clean,3900.0,2541.71,8.268988209506656,7.841
2026-04-07T22:00:41Z,3288.0,2002,Dodge,Neon,150000.0,automatic,unknown,unknown,no,Cheap Auto Rental,,clean,3288.0,3240.01,8.098338846189057,8.0836
2026-04-07T19:00:36Z,6700.0,2007,Saturn,Vue,165000.0,automatic,FWD,red,no,for sale by owner,,unknown,6700.0,2914.49,8.81001204797317,7.9778
2026-04-07T23:00:39Z,5995.0,2012,Honda,Civic LX,159543.0,automatic,FWD,red,no,small shoreline dealer,,clean,5995.0,5973.8,8.698847859222488,8.6953
2026-04-07T16:00:39Z,44995.0,2013,ford,e-450,164000.0,automatic,unknown,white,no,,,unknown,44995.0,7790.96,10.714328875912717,8.9608
2026-04-07T08:00:41Z,85000.0,1950,Jaguar,MK V drophead,51000.0,manual,RWD,multiple colors,no,for sale by dealer,,clean,85000.0,42157.65,11.350418300109132,10.6492
2026-04-07T19:00:36Z,5000.0,2012,chevy,equinox lt,160000.0,automatic,4WD,black,no,for sale by dealer,,clean,5000.0,6037.36,8.517393171418904,8.7059
2026-04-08T02:00:07Z,14000.0,2001,BMW,Z3 Roadster,79700.0,automatic,RWD,silver,no,for sale by owner,,clean,14000.0,11918.52,9.546884034617925,9.3859
2026-04-07T14:00:35Z,18900.0,2016,Toyota,4Runner,181790.0,automatic,4WD,white,no,"Preece's Auto, Inc.",,unknown,18900.0,9036.88,9.846970109700957,9.1092
2026-04-07T19:00:36Z,8885.0,2016,Volvo,XC60,126000.0,automatic,AWD,Twilight Osmium Grey Metallic,yes,for sale by owner,YV4612RM4G2788639,clean,8885.0,6706.89,9.092232283495854,8.811
2026-04-08T02:00:07Z,5485.0,2012,Volvo,S80 T6 Premier AWD Sedan,151000.0,automatic,AWD,white,yes,for sale by owner,YV1902AH1C1151669,clean,5485.0,7075.65,8.60995467149755,8.8646
2026-04-07T16:00:39Z,8985.0,2015,BMW,X5 3.5i X-drive Sport SUV,142000.0,automatic,AWD,white,yes,for sale by owner,,unknown,8985.0,8161.36,9.103423089630105,9.0073
2026-04-08T02:00:07Z,8300.0,2017,ford,focus se,56588.0,automatic,FWD,grey,no,for sale by owner,,clean,8300.0,8029.39,9.024131268455035,8.991
2026-04-07T22:00:41Z,5000.0,1995,Jeep,Wrangler YJ,174000.0,manual,4WD,green,no,for sale by owner,,missing,5000.0,6385.51,8.517393171418904,8.7619
2026-04-07T09:00:42Z,4500.0,2016,ford,fusion titanium,199000.0,automatic,FWD,White,yes,for sale by owner,,unknown,4500.0,5559.78,8.412054873292933,8.6235
2026-04-07T22:00:41Z,31900.0,2018,Land Rover,Range Rover,101615.0,automatic,AWD,black,no,CT Auto - BAD CREDIT- NO CREDIT- NO PROBLEM!,SALGS2RE8JA383614,clean,31900.0,20378.38,10.370392636243981,9.9223
2026-04-07T04:00:40Z,5000.0,2001,chevrolet,silverado 2500hd,246000.0,automatic,4WD,black,no,for sale by owner,,unknown,5000.0,4700.7,8.517393171418904,8.4557
2026-04-08T02:00:07Z,4000.0,1976,FORD,ELITE,40000.0,automatic,FWD,white,no,for sale by owner,,clean,4000.0,6631.55,8.294299608857235,8.7997
2026-04-07T10:00:37Z,3288.0,2002,Dodge,Neon,150000.0,automatic,unknown,unknown,unknown,Cheap Auto Rental,,clean,3288.0,3098.9,8.098338846189057,8.0391
2026-04-07T22:00:41Z,16900.0,2017,Land Rover,Range Rover Sport,95262.0,automatic,unknown,black,no,CT Auto - BAD CREDIT- NO CREDIT- NO PROBLEM!,SALWR2FV5HA176670,clean,16900.0,14895.47,9.735128070758227,9.6089
2026-04-07T22:00:41Z,3200.0,2014,Subaru,legacy 2.5i premium,212700.0,automatic,unknown,blue,no,for sale by owner,,clean,3200.0,5489.81,8.071218539969863,8.6108
2026-04-08T00:01:25Z,8000.0,2005,Ford,Ranger XLT,142350.0,manual,4WD,red,no,for sale by owner,1FTYR15E75PA24362,clean,8000.0,9743.81,8.987321812850125,9.1845
2026-04-07T19:00:36Z,10998.0,2017,Subaru,Legacy,124781.0,automatic,AWD,white,no,East Granby Motors Subaru Specialists,,unknown,10998.0,10207.32,9.305559638557117,9.231
2026-04-08T00:01:25Z,17000.0,2019,Audi,A6,42250.0,automatic,unknown,black,unknown,for sale by owner,,clean,17000.0,16847.39,9.741027444837728,9.732
2026-04-08T02:00:07Z,4700.0,2013,HYUNDAI,ELANTRA,130000.0,automatic,unknown,red,no,for sale by owner,,clean,4700.0,5333.77,8.45553053102413,8.582
2026-04-08T02:00:07Z,7985.0,2012,BMW,528i x-drive Premium Sedan,71000.0,automatic,AWD,black,yes,for sale by owner,WBAXH5C59CDW05057,clean,7985.0,9930.47,8.985445287623167,9.2035
2026-04-08T02:00:07Z,7800.0,2012,ACURA,MDX Sport,166000.0,automatic,4WD,unknown,no,for sale by owner,,clean,7800.0,4797.19,8.962007209588313,8.476
2026-04-07T23:00:39Z,2400.0,2008,Toyota,Corolla,222789.0,automatic,FWD,blue,no,for sale by owner,,clean,2400.0,4104.91,7.783640596221253,8.3202
2026-04-08T00:01:25Z,2000.0,2008,volkswagen,passat,158000.0,manual,unknown,unknown,yes,for sale by owner,,clean,2000.0,3503.15,7.601402334583733,8.1617
2026-04-07T19:00:36Z,5500.0,1978,Chevy,Chevette,75000.0,automatic,RWD,blue,no,for sale by owner,,unknown,5500.0,10582.14,8.612685172875459,9.267
2026-04-07T18:00:34Z,6500.0,2000,Ford,Ranger,50000.0,automatic,4WD,unknown,unknown,for sale by owner,,clean,6500.0,5735.08,8.77971129020447,8.6545
2026-04-08T02:00:07Z,10998.0,2015,Subaru,Forester,132799.0,automatic,AWD,silver,no,East Granby Motors Subaru Specialists,JF2SJADC2FH542311,clean,10998.0,10583.33,9.305559638557117,9.2671
2026-04-07T22:00:41Z,3288.0,2002,Dodge,Neon,150000.0,automatic,unknown,unknown,unknown,Cheap Auto Rental,,clean,3288.0,3098.9,8.098338846189057,8.0391
2026-04-07T22:00:41Z,9885.0,2015,Mercedes-Benz,GLK350,130000.0,automatic,AWD,white,yes,for sale by owner,WDCGG8JB4FG401344,clean,9885.0,9859.4,9.198874893866904,9.1963
2026-04-07T22:00:41Z,6200.0,2010,infinity,qx56,128000.0,automatic,4WD,black,no,for sale by owner,,clean,6200.0,5834.84,8.732465848349879,8.6718
2026-04-07T23:00:39Z,9599.0,2016,Subaru,Outback,165728.0,automatic,AWD,white,no,East Granby Motors Subaru Specialists,4S4BSAJC0G3275826,clean,9599.0,8559.36,9.169518377455928,9.0549
2026-04-08T02:00:07Z,18300.0,2017,Porsche,Macan,78600.0,automatic,4WD,black,no,for sale by owner,,clean,18300.0,15604.51,9.814710982145282,9.6554
2026-04-08T00:01:25Z,29900.0,2016,Ram,3500,142654.0,automatic,4WD,Bright Silver Metallic Clearcoat,unknown,CT Auto - BAD CREDIT- NO CREDIT- NO PROBLEM!,3C7WRTAJ0GG234964,clean,29900.0,12895.95,10.305647203635566,9.4647
2026-04-08T02:00:07Z,8975.0,2019,Hyundai,Kona,145143.0,automatic,4WD,Thunder Gray,no,CT Auto - BAD CREDIT- NO CREDIT- NO PROBLEM!,KM8K2CAA8KU347093,clean,8975.0,14292.4,9.102309627762478,9.5676
2026-04-08T00:01:25Z,14950.0,2012,Chevrolet,Silverado 1500,130790.0,automatic,4WD,red,no,CT Auto - BAD CREDIT- NO CREDIT- NO PROBLEM!,1GCRKTE73CZ341353,clean,14950.0,11733.38,9.612533466213927,9.3703
2026-04-08T00:01:25Z,11900.0,2014,Honda,CR-V EX,130000.0,automatic,AWD,brown,yes,for sale by dealer,5J6RM4H55EL029416,clean,11900.0,12261.33,9.38437770918244,9.4143
2026-04-07T19:00:36Z,3950.0,2006,Jeep,Grand Cherokee Laredo,130000.0,automatic,4WD,unknown,yes,for sale by owner,,unknown,3950.0,3486.39,8.281723990411392,8.1569
2026-04-08T02:00:07Z,11998.0,2016,Subaru,Outback,136978.0,automatic,AWD,red,no,East Granby Motors Subaru Specialists,4S4BSACC0G3224453,clean,11998.0,11355.13,9.392578591964389,9.3375
2026-04-07T17:00:38Z,16900.0,2015,Ford,Super Duty F-350 SRW,264719.0,automatic,4WD,Bronze Fire Metallic,no,CT Auto - BAD CREDIT- NO CREDIT- NO PROBLEM!,1FT8W3BT1FED48640,clean,16900.0,8408.26,9.735128070758227,9.0371
2026-04-07T17:00:38Z,7900.0,2019,Hyundai,Elantra,121000.0,automatic,FWD,grey,no,for sale by dealer,KMHD74LF0KU864722,clean,7900.0,10572.97,8.974744612722734,9.2662
2026-04-07T04:00:40Z,2000.0,2016,chevy,silverado 1500,90000.0,automatic,4WD,blue,no,MELILLO MOTORS,,unknown,2000.0,2524.81,7.601402334583733,7.8343
2026-04-07T20:00:35Z,7900.0,2014,Hyundai,Sonata,118290.0,automatic,FWD,white,no,for sale by dealer,5NPEB4AC8EH860979,clean,7900.0,6527.96,8.974744612722734,8.784
2026-04-07T17:00:38Z,8900.0,2014,Volkswagen,Passat SE,85972.0,automatic,FWD,grey,yes,,1VWBT7A34EC114278,clean,8900.0,7725.88,9.093918908958932,8.9525
2026-04-08T01:00:41Z,9900.0,2018,Subaru,Crosstrek,173000.0,automatic,4WD,red,no,for sale by dealer,JF2GTABCXJH202691,clean,9900.0,11934.93,9.200391041122515,9.3873
2026-04-07T23:00:39Z,10900.0,2014,Subaru,XV CrossTrek,124824.0,automatic,AWD,grey,yes,for sale by dealer,JF2GPAKC2E8211587,clean,10900.0,10492.24,9.296609807128359,9.2585
2026-04-07T23:00:39Z,5900.0,2016,Ford,Fiesta S,88133.0,automatic,FWD,white,no,,3FADP4AJ2GM142052,clean,5900.0,6658.47,8.682877107057168,8.8038
2026-04-08T01:00:41Z,3500.0,2010,Volkswagen,Jetta S,191000.0,manual,unknown,blue,no,for sale by owner,,clean,3500.0,5191.57,8.160803920954665,8.555
2026-04-07T16:00:39Z,3288.0,2002,Dodge,Neon,150000.0,automatic,unknown,unknown,unknown,Cheap Auto Rental,,unknown,3288.0,3501.65,8.098338846189057,8.1613
2026-04-08T01:00:41Z,12500.0,2020,Dodge,Charger,89000.0,automatic,AWD,unknown,unknown,for sale by dealer,,clean,12500.0,11217.79,9.433563920090563,9.3253
2026-04-07T23:00:39Z,5900.0,2014,Kia,Soul,123296.0,automatic,FWD,white,no,for sale by dealer,KNDJN2A22E7111407,clean,5900.0,9689.65,8.682877107057168,9.1789
2026-04-08T00:01:25Z,9900.0,2013,Infiniti,EX35,89281.0,automatic,4WD,grey,unknown,for sale by dealer,JN1BJ0HR5DM481728,clean,9900.0,13674.6,9.200391041122515,9.5234
2026-04-07T23:00:39Z,13900.0,2019,Subaru,Crosstrek,114950.0,automatic,AWD,multiple colors,unknown,"Preece's Auto, Inc.",JF2GTAEC7K8263428,clean,13900.0,12817.52,9.539716058977092,9.4586
2026-04-08T00:01:25Z,5000.0,2021,tesla,s,61000.0,automatic,4WD,white,no,MELILLO MOTORS,,clean,5000.0,4901.95,8.517393171418904,8.4976
2026-04-07T19:00:36Z,5900.0,2008,Honda,CRV,166000.0,automatic,unknown,black,yes,for sale by owner,,unknown,5900.0,4160.03,8.682877107057168,8.3335
2026-04-08T00:01:25Z,17200.0,2020,Mazda,3,38563.0,automatic,FWD,silver,unknown,for sale by owner,,clean,17200.0,15741.78,9.75272280064639,9.6641
2026-04-08T02:00:07Z,3500.0,2013,Nissan,Versa,121347.0,automatic,unknown,grey,no,for sale by dealer,3N1CN7AP3DL874809,clean,3500.0,4513.78,8.160803920954665,8.4151
2026-04-07T19:00:36Z,6000.0,1986,Chevy,El Camino,1234567.0,automatic,unknown,multiple colors,no,for sale by owner,,unknown,6000.0,4247.78,8.699681400989514,8.3544
2026-04-07T12:00:44Z,10900.0,2007,lexus,LS 460 L,164379.0,automatic,RWD,Smoky Granite Mica,yes,"Preece's Auto, Inc.",JTHGL46F975012880,clean,10900.0,7256.02,9.296609807128359,8.8897
2026-04-07T23:00:39Z,14850.0,2012,Chevrolet,Silverado 1500,67592.0,automatic,4WD,blue,unknown,CT Auto - BAD CREDIT- NO CREDIT- NO PROBLEM!,1GCRKSE71CZ132705,clean,14850.0,13216.14,9.605822482030945,9.4893
2026-04-07T11:00:35Z,13000.0,2016,Subaru,Impreza,59000.0,automatic,4WD,grey,no,for sale by owner,,lien,13000.0,6758.94,9.472781556562168,8.8188
2026-04-07T19:00:36Z,5985.0,2010,Nissan,Murano,109000.0,automatic,AWD,black,no,for sale by owner,,unknown,5985.0,5687.75,8.697178688412643,8.6462
2026-04-07T19:00:36Z,9450.0,2014,Jeep,Cherokee Latitude 4x4,91437.0,automatic,4WD,black,no,for sale by dealer,,unknown,9450.0,10674.77,9.153875834995056,9.2757
2026-04-07T17:00:38Z,2500.0,2012,VW,Tiguan,145400.0,manual,FWD,grey,no,for sale by owner,,clean,2500.0,4394.83,7.824445930877619,8.3884
2026-04-07T10:00:37Z,7500.0,2016,Chevrolet,Trax LS,81652.0,automatic,AWD,black,no,for sale by dealer,,clean,7500.0,7838.07,8.922791623969637,8.9669
2026-04-07T23:00:39Z,6000.0,2009,Audi,A4 2.0T Quattro,114115.0,automatic,AWD,silver,yes,for sale by dealer,,clean,6000.0,5567.55,8.699681400989514,8.6249
2026-04-08T00:01:25Z,2000.0,2018,Toyota,Camry,33000.0,automatic,FWD,white,unknown,MELILLO MOTORS,,clean,2000.0,3147.17,7.601402334583733,8.0546
2026-04-07T09:00:42Z,34500.0,2017,mitsubishi,fuso,33587.0,automatic,4WD,white,no,for sale by owner,,unknown,34500.0,17551.39,10.448743588106625,9.7729
2026-04-07T18:00:34Z,5000.0,2021,Tesla,Model Y,61000.0,automatic,4WD,white,no,MELILLO MOTORS,,clean,5000.0,4392.55,8.517393171418904,8.3879
2026-04-08T02:00:07Z,2000.0,2020,honda,accord,20000.0,automatic,4WD,blue,yes,MELILLO MOTORS,,clean,2000.0,2308.99,7.601402334583733,7.745
2026-04-07T22:00:41Z,74495.0,2026,Chrysler,Pacifica,25.0,automatic,FWD,Silver,unknown,New England Motor Car Company,2C4RC1BG4TR192211,clean,74495.0,47662.24,11.218500711651055,10.7719
2026-04-07T10:00:37Z,2000.0,2016,chevy,silverado 1500,90000.0,automatic,4WD,blue,no,MELILLO MOTORS!,,clean,2000.0,2025.12,7.601402334583733,7.6139
2026-04-08T02:00:07Z,3288.0,2002,Dodge,Neon,150000.0,automatic,unknown,unknown,unknown,Cheap Auto Rental,,clean,3288.0,3098.9,8.098338846189057,8.0391
2026-04-08T02:00:07Z,3500.0,2022,Bedrock,Flatbed truck bodies,1000.0,unknown,unknown,black,no,for sale by owner,,clean,3500.0,22602.95,8.160803920954665,10.0259
2026-04-07T23:00:39Z,7500.0,2015,Kia,Sportage,128879.0,automatic,AWD,black,no,for sale by owner,KNDPBCAC5F7705184,clean,7500.0,9479.24,8.922791623969637,9.157
2026-04-08T02:00:07Z,8000.0,2009,Mitsubishi,1800 cab chassis,220000.0,automatic,unknown,white,no,for sale by owner,,clean,8000.0,3609.46,8.987321812850125,8.1916
2026-04-07T23:00:39Z,17500.0,2019,GMC,Savana 2500 cargo,100000.0,automatic,unknown,unknown,no,for sale by owner,,clean,17500.0,13702.42,9.770013301136158,9.5254
2026-04-07T22:00:41Z,900.0,1991,Saab,900S,216000.0,manual,FWD,red,no,for sale by owner,,clean,900.0,2727.76,6.803505257608338,7.9116
2026-04-08T00:01:25Z,11500.0,2017,Jeep,Cherokee Trailhawk,92000.0,automatic,4WD,grey,no,for sale by owner,,clean,11500.0,12382.15,9.350189267092581,9.4241
2026-04-07T05:00:35Z,15990.0,2018,GMC,Yukon XL,153518.0,automatic,4WD,white,no,CT Auto - BAD CREDIT- NO CREDIT- NO PROBLEM!,1GKS2GKC2JR381175,clean,15990.0,13507.67,9.679781342959442,9.5111
2026-04-07T22:00:41Z,17980.0,2020,Audi,Q3,77916.0,automatic,AWD,Chronos Gray Metallic,no,CT Auto - BAD CREDIT- NO CREDIT- NO PROBLEM!,WA1AECF30L1046204,clean,17980.0,18244.27,9.797070923831638,9.8117
2026-04-08T00:01:25Z,16750.0,2023,Hyundai,Elantra,108905.0,automatic,FWD,Ecotronic Gray,unknown,CT Auto - BAD CREDIT- NO CREDIT- NO PROBLEM!,KMHLR4AF9PU508947,clean,16750.0,16577.43,9.726213236963687,9.7159
2026-04-08T00:01:25Z,14850.0,2020,Ford,Fusion,35125.0,automatic,FWD,Alto Blue Metallic Tinted Clearcoat,no,CT Auto - BAD CREDIT- NO CREDIT- NO PROBLEM!,3FA6P0HD4LR162169,clean,14850.0,16813.17,9.605822482030945,9.73
2026-04-07T13:00:37Z,13500.0,2018,BMW,X1,86540.0,automatic,FWD,white,no,CT Auto - BAD CREDIT- NO CREDIT- NO PROBLEM!,WBXHU7C30J5L08797,clean,13500.0,13889.27,9.510519035757246,9.5389
2026-04-08T00:01:25Z,9400.0,2015,Honda,Civic Sedan,130759.0,automatic,unknown,blue,no,CT Auto - BAD CREDIT- NO CREDIT- NO PROBLEM!,19XFB2F59FE272906,clean,9400.0,9321.89,9.148571345578551,9.1402
2026-04-07T22:00:41Z,10800.0,2019,Dodge,Charger,54917.0,automatic,RWD,White,no,CT Auto - BAD CREDIT- NO CREDIT- NO PROBLEM!,2C3CDXAG0KH645062,clean,10800.0,15047.85,9.287394001418473,9.6191
2026-04-08T01:00:41Z,8500.0,2011,Chevrolet,Tahoe,178907.0,automatic,4WD,Red,no,CT Auto - BAD CREDIT- NO CREDIT- NO PROBLEM!,1GNSKBE09BR203241,clean,8500.0,8140.57,9.04793908261736,9.0047
2026-04-07T19:00:36Z,15500.0,2018,BMW,X2,79633.0,automatic,AWD,Black,no,CT Auto - BAD CREDIT- NO CREDIT- NO PROBLEM!,,unknown,15500.0,16784.61,9.648659816955295,9.7283
2026-04-08T02:00:07Z,8800.0,2015,Kia,Optima,116669.0,automatic,unknown,silver,unknown,CT Auto - BAD CREDIT- NO CREDIT- NO PROBLEM!,5XXGN4A71FG406217,clean,8800.0,7988.03,9.082620630373812,8.9858
2026-04-07T22:00:41Z,9500.0,2018,Jeep,Grand Cherokee Altitude,163000.0,automatic,4WD,purple,yes,for sale by owner,,clean,9500.0,7964.81,9.15915233520675,8.9829
2026-04-07T12:00:44Z,10998.0,2014,Subaru,Outback,106997.0,automatic,AWD,Tan,no,East Granby Motors Subaru Specialists,4S4BRBMC6E3205449,clean,10998.0,10866.04,9.305559638557117,9.2935
2026-04-07T19:00:36Z,8900.0,2006,Lexus,GS 300,131986.0,automatic,4WD,silver,no,CT Auto - BAD CREDIT- NO CREDIT- NO PROBLEM!,,unknown,8900.0,6635.17,9.093918908958932,8.8003
2026-04-08T02:00:07Z,18995.0,2017,Ford,F-150,106743.0,automatic,4WD,Ruby Red Metallic Tinted Clearcoat,unknown,CT Auto - BAD CREDIT- NO CREDIT- NO PROBLEM!,1FTEW1EG9HFB47118,clean,18995.0,18004.0,9.851983709669012,9.7984
2026-04-08T02:00:07Z,8900.0,2015,Mercedes-Benz,GLK-Class,123897.0,automatic,RWD,red,no,CT Auto - BAD CREDIT- NO CREDIT- NO PROBLEM!,WDCGG5HB7FG426601,clean,8900.0,11156.57,9.093918908958932,9.3199
2026-04-08T00:01:25Z,15900.0,2019,Audi,A4,71241.0,automatic,unknown,black,no,CT Auto - BAD CREDIT- NO CREDIT- NO PROBLEM!,WAUGMAF41KA037636,clean,15900.0,13338.07,9.674137279312397,9.4985
2026-04-07T23:00:39Z,12990.0,2016,Honda,Pilot,120070.0,automatic,4WD,white,unknown,CT Auto - BAD CREDIT- NO CREDIT- NO PROBLEM!,5FNYF6H16GB038443,clean,12990.0,12232.31,9.472012088995733,9.4119
2026-04-07T11:00:35Z,59000.0,1969,Chevrolet,Camaro,4664.0,automatic,unknown,blue,unknown,CT Auto - BAD CREDIT- NO CREDIT- NO PROBLEM!,124379N686719,clean,59000.0,54180.36,10.985309671896763,10.9001
2026-04-07T19:00:36Z,13800.0,2020,Nissan,Rogue,82675.0,automatic,4WD,Caspian Blue Metallic,no,CT Auto - BAD CREDIT- NO CREDIT- NO PROBLEM!,,unknown,13800.0,16046.04,9.53249633228804,9.6833
2026-04-07T23:00:39Z,13500.0,2011,Lexus,LS 460,115212.0,automatic,4WD,blue,no,CT Auto - BAD CREDIT- NO CREDIT- NO PROBLEM!,JTHCL5EF5B5012373,clean,13500.0,13982.64,9.510519035757246,9.5456
2026-04-08T01:00:41Z,12300.0,2014,Ford,Econoline Cargo Van e-250,91374.0,automatic,FWD,white,unknown,CT Auto - BAD CREDIT- NO CREDIT- NO PROBLEM!,1FTNE2EWXEDA30896,clean,12300.0,13576.48,9.417435838868785,9.5162
2026-04-07T12:00:44Z,12850.0,2016,Dodge,Grand Caravan,48019.0,automatic,FWD,True Blue Pearlcoat,unknown,CT Auto - BAD CREDIT- NO CREDIT- NO PROBLEM!,2C4RDGBG2GR400558,clean,12850.0,12601.42,9.461176908307142,9.4416
2026-04-08T00:01:25Z,8900.0,2017,Hyundai,Elantra,105189.0,automatic,unknown,red,no,CT Auto - BAD CREDIT- NO CREDIT- NO PROBLEM!,5NPD84LF2HH131740,clean,8900.0,8766.45,9.093918908958932,9.0788
2026-04-08T00:01:25Z,24500.0,1931,Ford,Model A Sport Coupe,91710.0,manual,unknown,multiple colors,no,for sale by owner,,clean,24500.0,8359.0,10.106469212026385,9.0312
2026-04-07T22:00:41Z,3500.0,1966,ford,pick up,60000.0,automatic,FWD,red,unknown,for sale by owner,,clean,3500.0,3856.41,8.160803920954665,8.2578
2026-04-07T23:00:39Z,10850.0,2015,Ford,Fusion,92276.0,automatic,AWD,black,unknown,CT Auto - BAD CREDIT- NO CREDIT- NO PROBLEM!,3FA6P0D93FR287069,clean,10850.0,11027.44,9.292012520620208,9.3082
2026-04-07T20:00:35Z,14800.0,2013,Toyota,Avalon Hybrid,100775.0,automatic,FWD,BURGANDY,unknown,CT Auto - BAD CREDIT- NO CREDIT- NO PROBLEM!,4T1BD1EB4DU017455,clean,14800.0,14451.65,9.60245002503719,9.5786
2026-04-08T02:00:07Z,69500.0,1966,CHEVROLET,CHEVELLE,59985.0,automatic,unknown,grey,no,CT Auto - BAD CREDIT- NO CREDIT- NO PROBLEM!,136176F139924,clean,69500.0,65904.17,11.149096419938578,11.096
2026-04-08T01:00:41Z,7200.0,2016,audi,q5,149000.0,automatic,AWD,blue,yes,for sale by owner,,clean,7200.0,5910.58,8.881975184248867,8.6847
2026-04-08T00:01:25Z,17500.0,1988,Chevrolet,Caprice,69541.0,automatic,unknown,CREAM,no,CT Auto - BAD CREDIT- NO CREDIT- NO PROBLEM!,1G1BN81Y3JR184241,clean,17500.0,20780.37,9.770013301136158,9.9418
2026-04-07T19:00:36Z,20900.0,2014,Mercedes-Benz,S-Class,82595.0,automatic,AWD,gray,no,CT Auto - BAD CREDIT- NO CREDIT- NO PROBLEM!,,unknown,20900.0,16538.2,9.94755228369823,9.7135
2026-04-08T02:00:07Z,4000.0,2002,Chevrolet,S10,156000.0,automatic,RWD,white,no,for sale by owner,,clean,4000.0,5461.02,8.294299608857235,8.6056
2026-04-07T21:00:36Z,3288.0,2002,Dodge,Neon,150000.0,automatic,unknown,unknown,unknown,Cheap Auto Rental,,clean,3288.0,3098.9,8.098338846189057,8.0391
2026-04-07T18:00:34Z,7200.0,2018,subaru,legacy 2.5i premium,175000.0,automatic,AWD,blue,unknown,for sale by owner,,clean,7200.0,5713.96,8.881975184248867,8.6508
2026-04-07T23:00:39Z,5700.0,2007,Chevy,3500,150000.0,automatic,RWD,white,no,for sale by owner,,clean,5700.0,6539.65,8.648396877031582,8.7858
2026-04-08T01:00:41Z,11000.0,2018,nissan,nv200 sv,133500.0,automatic,FWD,white,no,for sale by owner,,clean,11000.0,6218.41,9.305741456739435,8.7354
2026-04-07T22:00:41Z,3285.0,2009,Nissan,Altima,134000.0,automatic,FWD,grey,unknown,for sale by owner,,clean,3285.0,3234.72,8.097426298597213,8.082
2026-04-07T19:00:36Z,9900.0,2018,Hyundai,Elantra,52000.0,automatic,FWD,grey,no,for sale by owner,,unknown,9900.0,7962.18,9.200391041122515,8.9826
2026-04-07T08:00:41Z,16500.0,1992,Jaguar,XJS Roadster,66660.0,automatic,RWD,black,no,for sale by dealer,,clean,16500.0,19271.5,9.711176264112805,9.8664
2026-04-08T02:00:07Z,7000.0,2014,KIA,OPTIMA LX,108500.0,automatic,FWD,black,no,LEEJSAUTOS.COM,,clean,7000.0,6683.31,8.853808274977197,8.8075
2026-04-08T02:00:07Z,2900.0,2006,Chevrolet,Malibu LT,121230.0,automatic,FWD,red,no,for sale by owner,1G1ZT51846F250808,clean,2900.0,4785.31,7.972810784121404,8.4735
2026-04-07T22:00:41Z,3500.0,1940,Ford,Sedan,40000.0,manual,RWD,green,no,for sale by dealer,,missing,3500.0,8967.9,8.160803920954665,9.1015
2026-04-08T00:01:25Z,14850.0,2018,INFINITI,Q50,139096.0,automatic,4WD,white,no,CT Auto - BAD CREDIT- NO CREDIT- NO PROBLEM!,JN1EV7AR7JM433311,clean,14850.0,14092.71,9.605822482030945,9.5535
2026-04-07T15:00:35Z,6495.0,2009,GMC,SAVANA 2500HD CARGO,167173.0,automatic,RWD,black,unknown,LEEJSAUTOS.COM,,clean,6495.0,6918.23,8.778941881841513,8.8421
2026-04-07T14:00:35Z,10998.0,2015,Subaru,Outback,141231.0,automatic,AWD,white,no,East Granby Motors Subaru Specialists,4S4BSENC9F3348322,clean,10998.0,9522.35,9.305559638557117,9.1615
2026-04-07T15:00:35Z,9295.0,2015,HONDA,CIVIC LX,156884.0,automatic,FWD,silver,unknown,LEEJSAUTOS.COM,,clean,9295.0,4915.0,9.137339479091693,8.5003
2026-04-07T16:00:39Z,53820.0,2018,Lexus,LC 500,18290.0,automatic,unknown,multiple colors,no,,,clean,53820.0,35740.74,10.893419004561645,10.4841
2026-04-08T02:00:07Z,7295.0,2009,HONDA,CIVIC EX-L,143686.0,automatic,FWD,black,unknown,LEEJSAUTOS.COM,,clean,7295.0,4608.27,8.895081531754167,8.4358
2026-04-07T21:00:36Z,25900.0,2018,Chevrolet,Silverado 2500HD,149053.0,automatic,4WD,white,no,"Preece's Auto, Inc.",1GC1KUEY4JF128633,clean,25900.0,17081.32,10.16203685698089,9.7458
2026-04-08T00:01:25Z,6000.0,2013,chevy,traverse lt,155000.0,automatic,4WD,blue,unknown,for sale by dealer,,clean,6000.0,4519.17,8.699681400989514,8.4163
2026-04-08T01:00:41Z,7000.0,2016,Ford,Explorer Sport,172000.0,automatic,4WD,white,yes,for sale by owner,,clean,7000.0,8444.76,8.853808274977197,9.0414
2026-04-08T00:01:25Z,7999.0,2008,Chevrolet,Silverado 1500,167190.0,automatic,RWD,blue,no,BEL-AIR AUTO SALES,1GCEC14X78Z170034,clean,7999.0,6432.76,8.987196820661973,8.7693
2026-04-08T01:00:41Z,6995.0,2006,TOYOTA,SEQUOIA SR5,167781.0,automatic,4WD,grey,yes,LEEJSAUTOS.COM,,clean,6995.0,3372.58,8.853093836138493,8.1237
2026-04-08T02:00:07Z,43000.0,2024,Chevrolet,Silverado 1500,35000.0,automatic,unknown,unknown,unknown,for sale by owner,,clean,43000.0,18024.91,10.668978650219241,9.7996
